{"train/loss": 0.7658, "train/learning_rate": 2.3594381286697217e-05, "train/epoch": 0.55, "train/global_step": 200, "_timestamp": 1706340362.762756, "_runtime": 249.95451021194458, "_step": 1}