{"train/loss": 0.6235, "train/learning_rate": 2.5396649095870202e-05, "train/epoch": 1.51, "train/global_step": 550, "_timestamp": 1706353540.671136, "_runtime": 691.3256168365479, "_step": 10}