{"train/loss": 0.2881, "train/learning_rate": 2.011296792301165e-07, "train/epoch": 3.0, "train/global_step": 1089, "_timestamp": 1706461845.5347784, "_runtime": 1941.4557693004608, "_step": 21, "train/train_runtime": 1943.2654, "train/train_samples_per_second": 2.243, "train/train_steps_per_second": 0.56, "train/total_flos": 1.7960778663847526e+17, "train/train_loss": 0.43493520107917333, "_wandb": {"runtime": 1935}}