{"train/loss": 1.0252, "train/learning_rate": 4.9067000898330905e-05, "train/epoch": 0.28, "train/global_step": 100, "_timestamp": 1706459543.1990385, "_runtime": 192.6897954940796, "_step": 1, "_wandb": {"runtime": 196}}