{"train/loss": 0.8058, "train/learning_rate": 4.4289467668900075e-05, "train/epoch": 0.69, "train/global_step": 250, "_timestamp": 1706342825.4831266, "_runtime": 311.72109174728394, "_step": 4}