{"train/loss": 0.6439, "train/learning_rate": 1.034822234067756e-07, "train/epoch": 1.0, "train/global_step": 1070, "_timestamp": 1706193652.0169616, "_runtime": 1327.324459552765, "_step": 21, "train/train_runtime": 1329.1728, "train/train_samples_per_second": 3.222, "train/train_steps_per_second": 0.805, "train/total_flos": 1.2598419938947891e+17, "train/train_loss": 0.7259625015971817, "_wandb": {"runtime": 1320}}