{"train/loss": 0.6902, "train/learning_rate": 2.8366222406324222e-05, "train/epoch": 0.47, "train/global_step": 500, "_timestamp": 1706191799.9689572, "_runtime": 618.6020042896271, "_step": 9}