{"train/loss": 0.584, "train/learning_rate": 2.5962164101998586e-07, "train/epoch": 3.0, "train/global_step": 1089, "_timestamp": 1706351244.3459072, "_runtime": 4676.863909244537, "_step": 21, "train/train_runtime": 4678.7275, "train/train_samples_per_second": 0.932, "train/train_steps_per_second": 0.233, "train/total_flos": 1.2787094565067162e+17, "train/train_loss": 0.6929886102457458, "_wandb": {"runtime": 4671}}